,City,Latitude,Longitude,Temperature,Humidity,Cloudiness,Wind Speed,Country,Date
0,Puerto Colombia,10.9878,-74.9547,87.66,74,99,20.36,CO,1620848237
1,Yumen,40.2833,97.2,58.86,25,62,10.47,CN,1620848237
2,Anchorage,61.2181,-149.9003,48.16,53,1,0.0,US,1620848168
3,Nikolskoye,59.7035,30.7861,64.02,72,1,3.85,RU,1620848238
4,Cabo San Lucas,22.8909,-109.9124,90.12,37,20,8.05,MX,1620848211
5,Vaini,-21.2,-175.2,71.37,94,20,6.91,TO,1620848239
6,Panzhihua,26.5851,101.7128,66.27,68,97,1.77,CN,1620848239
7,Dubbo,-32.25,148.6167,36.07,93,40,2.3,AU,1620848240
8,Lebu,-37.6167,-73.65,57.47,72,0,12.15,CL,1620848240
9,Mataura,-46.1927,168.8643,29.39,90,44,2.3,NZ,1620848240
10,Dikson,73.5069,80.5464,22.91,98,92,9.6,RU,1620848241
11,Barrow,71.2906,-156.7887,13.98,85,90,14.97,US,1620848241
12,Alofi,-19.0595,-169.9187,74.41,94,86,5.75,NU,1620848241
13,Zyryanka,65.75,150.85,33.6,75,100,5.91,RU,1620848242
14,Castro,-24.7911,-50.0119,56.43,98,100,1.41,BR,1620848242
15,São Filipe,14.8961,-24.4956,77.86,62,1,10.18,CV,1620848242
16,Salalah,17.0151,54.0924,84.04,79,40,5.75,OM,1620848045
17,Deputatsky,69.3,139.9,13.39,96,100,0.58,RU,1620848243
18,Arraial do Cabo,-22.9661,-42.0278,75.0,73,20,4.61,BR,1620848089
19,Cidreira,-30.1811,-50.2056,61.23,68,0,9.31,BR,1620848243
20,Nhulunbuy,-12.2333,136.7667,77.0,73,29,5.75,AU,1620848244
21,Saldanha,-33.0117,17.9442,56.86,85,0,9.8,ZA,1620848244
22,Busselton,-33.65,115.3333,46.94,69,99,12.24,AU,1620848244
23,Vostok,46.4856,135.8833,38.55,95,70,5.32,RU,1620848245
24,Bethel,41.3712,-73.414,63.16,38,20,1.01,US,1620848245
25,Hambantota,6.1241,81.1185,80.74,83,100,15.37,LK,1620848245
26,Baruun-Urt,46.6806,113.2792,43.21,34,1,7.25,MN,1620848246
27,Rikitea,-23.1203,-134.9692,77.88,77,51,19.42,PF,1620848246
28,Lokachi,50.737,24.6494,48.51,74,0,12.82,UA,1620848246
29,Hermanus,-34.4187,19.2345,51.66,83,1,2.26,ZA,1620848247
30,Faanui,-16.4833,-151.75,82.0,78,52,21.45,PF,1620848247
31,Jamestown,42.097,-79.2353,51.71,39,1,4.0,US,1620848000
32,Carnarvon,-24.8667,113.6333,62.6,100,0,5.75,AU,1620848248
33,Sabha,27.0377,14.4283,87.93,21,2,22.44,LY,1620848248
34,Punta Arenas,-53.15,-70.9167,47.79,84,75,14.29,CL,1620848183
35,Cape Town,-33.9258,18.4232,57.49,82,0,5.26,ZA,1620848194
36,Seoul,37.5683,126.9778,56.46,61,1,2.28,KR,1620847980
37,Albany,42.6001,-73.9662,59.77,35,88,1.01,US,1620848116
38,Mount Isa,-20.7333,139.5,56.59,39,0,12.66,AU,1620848249
39,Chokurdakh,70.6333,147.9167,4.57,98,87,2.15,RU,1620848250
40,Michigan City,41.7075,-86.895,53.2,50,1,11.5,US,1620848250
41,Ushuaia,-54.8,-68.3,51.22,43,40,14.97,AR,1620848250
42,Sørkjosen,69.8,20.9333,41.25,92,100,5.46,NO,1620848251
43,Tumen,42.9661,129.8425,46.36,96,95,2.33,CN,1620848251
44,Hong Kong,22.2855,114.1577,83.48,85,1,8.99,HK,1620847991
45,Puerto Ayora,-0.7393,-90.3518,78.15,75,72,11.05,EC,1620848252
46,Saint-Philippe,-21.3585,55.7679,72.77,83,35,8.77,RE,1620848252
47,Vanimo,-2.6741,141.3028,76.84,89,60,4.05,PG,1620848252
48,Seydi,39.4816,62.9137,76.71,23,0,10.87,TM,1620848253
49,Inírida,3.8653,-67.9239,79.14,91,76,2.42,CO,1620848253
50,Tomatlán,19.9333,-105.25,94.6,37,59,10.98,MX,1620848253
51,Saint Paul Harbor,57.79,-152.4072,43.88,81,90,11.5,US,1620848254
52,Yellowknife,62.456,-114.3525,44.01,57,40,5.01,CA,1620848009
53,Tsimmerbude,54.675,20.1347,64.36,76,53,13.98,RU,1620848254
54,Lagoa,39.05,-27.9833,62.51,85,97,14.14,PT,1620848254
55,Bluff,-46.6,168.3333,29.71,83,12,6.91,NZ,1620848255
56,Avarua,-21.2078,-159.775,71.49,100,75,4.61,CK,1620848255
57,Novosibirsk,55.0411,82.9344,44.47,44,6,3.24,RU,1620848255
58,East London,-33.0153,27.9116,61.93,76,6,5.99,ZA,1620848256
59,Vestmanna,62.1564,-7.1664,42.53,72,75,18.48,FO,1620848256
60,Kemijärvi,66.7131,27.4306,47.35,99,89,2.57,FI,1620848256
61,Baykit,61.67,96.37,32.13,92,30,1.79,RU,1620848257
62,Bredasdorp,-34.5322,20.0403,52.72,87,0,1.57,ZA,1620848257
63,Camacha,33.0833,-16.3333,62.74,72,40,10.36,PT,1620848258
64,Ingham,42.6,-84.3833,58.12,41,6,6.89,US,1620848258
65,Iranshahr,27.2025,60.6848,86.56,12,0,16.11,IR,1620848258
66,Mar del Plata,-38.0023,-57.5575,66.83,52,0,10.0,AR,1620848259
67,Saskylakh,71.9167,114.0833,32.07,99,100,4.83,RU,1620848259
68,Shirokiy,49.758,129.523,45.32,93,99,7.9,RU,1620848260
69,Saint-Augustin,51.226,-58.6502,44.42,63,100,17.69,CA,1620848260
70,Boyolangu,-8.1181,111.8935,76.05,90,100,3.76,ID,1620848260
71,Waddān,29.1614,16.139,74.23,39,0,18.1,LY,1620848261
72,Atuona,-9.8,-139.0333,79.75,80,26,20.18,PF,1620848020
73,Umluj,25.0213,37.2685,84.07,45,0,6.93,SA,1620848261
74,Madimba,-10.4,40.3333,72.79,87,100,9.86,TZ,1620848262
75,Biggar,55.6167,-3.5167,48.02,88,15,1.23,GB,1620848262
76,Pisco,-13.7,-76.2167,66.11,82,20,10.36,PE,1620848262
77,Verkh-Usugli,52.7,115.1667,32.0,67,0,4.83,RU,1620848263
78,College,64.8569,-147.8028,50.9,66,75,0.0,US,1620848259
79,Port Alfred,-33.5906,26.891,60.58,84,57,7.36,ZA,1620848263
80,Sitka,57.0531,-135.33,48.09,66,75,3.44,US,1620848263
81,Bambous Virieux,-20.3428,57.7575,74.89,69,40,14.63,MU,1620848264
82,Hualmay,-11.0964,-77.6139,70.5,73,10,7.54,PE,1620848264
83,Ostrovnoy,68.0531,39.5131,40.08,89,100,10.4,RU,1620848265
84,Ballina,-28.8667,153.5667,63.52,94,90,6.91,AU,1620848265
85,Kapaa,22.0752,-159.319,77.23,68,40,4.0,US,1620848233
86,Keetmanshoop,-26.5833,18.1333,58.32,24,0,8.05,NA,1620848265
87,Butaritari,3.0707,172.7902,82.63,75,100,12.37,KI,1620848266
88,Comodoro Rivadavia,-45.8667,-67.5,67.39,32,0,17.27,AR,1620848165
89,Huarmey,-10.0681,-78.1522,71.94,71,6,10.83,PE,1620848266
90,Alugan,12.2188,125.4808,80.24,84,13,10.71,PH,1620848267
91,Muros,42.7762,-9.0603,56.14,85,100,12.03,ES,1620848267
92,Savannah Bight,16.45,-85.85,91.4,81,8,24.85,HN,1620848267
93,Port Elizabeth,-33.918,25.5701,56.79,88,40,8.05,ZA,1620848268
94,Plouzané,48.3833,-4.6167,49.12,82,75,10.51,FR,1620848268
95,Kavieng,-2.5744,150.7967,80.85,78,99,4.72,PG,1620848268
96,Goundam,16.4145,-3.6708,98.31,9,34,11.25,ML,1620848269
97,Tombouctou,20.0,-3.0,97.23,8,6,11.5,ML,1620848269
98,Murray Bridge,-35.1167,139.2667,48.07,59,80,5.26,AU,1620848139
99,Krasnovishersk,60.4078,57.082,55.69,82,100,2.68,RU,1620848270
100,New Norfolk,-42.7826,147.0587,48.88,84,100,2.71,AU,1620848270
101,Quesnel,52.9999,-122.5029,51.33,54,90,3.44,CA,1620848070
102,Hilo,19.7297,-155.09,74.01,74,20,6.91,US,1620847981
103,Xuanzhou,30.9525,118.7553,66.92,97,20,2.57,CN,1620848271
104,Vila Franca do Campo,37.7167,-25.4333,64.09,72,35,5.53,PT,1620848271
105,Tuatapere,-46.1333,167.6833,29.71,82,6,3.83,NZ,1620848271
106,Lethem,3.3803,-59.7968,87.62,55,40,8.39,GY,1620848272
107,Dicabisagan,17.0818,122.4157,78.75,89,46,4.72,PH,1620848272
108,Serenje,-13.2325,30.2352,54.66,73,0,4.97,ZM,1620848052
109,Kalmunai,7.4167,81.8167,79.9,87,100,7.16,LK,1620848273
110,Kimbe,-5.5502,150.1429,75.18,95,98,2.68,PG,1620848273
111,Phayakkhaphum Phisai,15.5163,103.1937,83.37,64,28,6.71,TH,1620848273
112,Ulladulla,-35.35,150.4667,52.93,88,0,5.19,AU,1620848158
113,Kruisfontein,-34.0033,24.7314,51.37,86,3,4.23,ZA,1620848274
114,Mahajanga,-15.7167,46.3167,76.78,83,20,3.44,MG,1620848274
115,Horta,38.5333,-28.6333,65.44,82,20,11.5,PT,1620848204
116,Nyurba,63.2842,118.3319,30.63,72,2,4.12,RU,1620848275
117,Severo-Kuril'sk,50.6789,156.125,35.94,81,8,15.7,RU,1620848275
118,Nicoya,10.1483,-85.452,81.0,52,86,8.16,CR,1620848042
119,Egvekinot,66.3167,-179.1667,29.91,100,100,3.47,RU,1620848275
120,Chui,-33.6971,-53.4616,60.19,57,0,7.07,UY,1620848276
121,Fortuna,40.5982,-124.1573,52.81,93,90,9.22,US,1620848276
122,Sørland,67.667,12.6934,44.46,94,100,9.44,NO,1620848276
123,Darnétal,49.4453,1.1514,53.65,69,0,1.99,FR,1620848277
124,Hirara,24.8,125.2833,78.84,92,5,16.26,JP,1620848234
125,Bonavista,48.6499,-53.1147,50.0,77,100,6.35,CA,1620848277
126,Mahibadhoo,3.7833,72.9667,79.93,87,100,25.26,MV,1620848278
127,Bengkulu,-3.8004,102.2655,75.92,91,97,3.47,ID,1620848278
128,Qaanaaq,77.484,-69.3632,26.06,80,100,10.04,GL,1620848278
129,Lompoc,34.6391,-120.4579,66.87,72,90,8.05,US,1620848025
130,Mbigou,-1.9005,11.906,69.73,97,100,1.12,GA,1620848279
131,Savino,56.5929,41.2181,60.15,77,100,7.11,RU,1620848279
132,Marzuq,14.4,46.4667,81.72,49,32,4.52,YE,1620848280
133,Sur,22.5667,59.5289,87.13,56,100,10.47,OM,1620848280
134,Digby,44.6169,-65.7655,46.87,74,66,5.12,CA,1620848280
135,Thompson,55.7435,-97.8558,44.02,49,75,8.05,CA,1620848281
136,Leningradskiy,69.3833,178.4167,30.18,90,97,4.41,RU,1620848281
137,Sinjai,-5.1241,120.253,76.15,90,100,2.84,ID,1620848281
138,Ulaanbaatar,47.9077,106.8832,11.61,74,0,3.4,MN,1620848282
139,Emba,48.8264,58.1442,60.96,38,25,10.04,KZ,1620848282
140,Sola,-13.8833,167.55,80.2,79,92,12.33,VU,1620848282
141,Jieshi,22.8134,115.8257,80.2,87,64,7.78,CN,1620848283
142,Rocha,-34.4833,-54.3333,57.16,66,0,5.14,UY,1620848283
143,Podgornoye,51.735,39.1496,48.42,74,75,7.67,RU,1620848284
144,Asău,46.4333,26.4,54.23,95,100,3.18,RO,1620848284
145,Dvinskoy Bereznik,62.8551,42.7072,61.18,65,3,3.69,RU,1620848284
146,Laas,46.6166,10.7002,38.71,97,100,4.88,IT,1620848285
147,Banmankhi,25.8833,87.1833,76.55,70,55,6.73,IN,1620848285
148,Kaitangata,-46.2817,169.8464,33.93,85,22,4.03,NZ,1620848285
149,George Town,5.4112,100.3354,80.04,92,20,4.61,MY,1620848286
150,Port Hardy,50.6996,-127.4199,53.6,94,75,8.05,CA,1620848286
151,Grand Gaube,-20.0064,57.6608,75.85,76,37,4.0,MU,1620848286
152,Fort Nelson,58.8053,-122.7002,48.79,62,75,10.36,CA,1620848287
153,Nuuk,64.1835,-51.7216,44.47,53,1,5.75,GL,1620848287
154,Clyde River,70.4692,-68.5914,30.2,93,75,11.5,CA,1620848287
155,Korla,41.7597,86.1469,62.26,53,100,9.48,CN,1620848288
156,Hithadhoo,-0.6,73.0833,79.38,88,100,12.88,MV,1620848288
157,Mitsamiouli,-11.3847,43.2844,79.57,69,43,7.27,KM,1620848289
158,Ustupo,9.1333,-77.9333,82.27,84,100,4.72,PA,1620848289
159,Le Port,-20.9373,55.2919,76.78,75,0,2.66,RE,1620848289
160,Hobart,-42.8794,147.3294,51.1,89,100,1.99,AU,1620848139
161,Hervey Bay,-25.2986,152.8535,64.15,89,14,6.17,AU,1620848290
162,Aswān,24.0934,32.907,83.82,11,0,9.98,EG,1620848290
163,Westport,41.1415,-73.3579,65.34,34,20,1.99,US,1620848110
164,Eureka,40.8021,-124.1637,53.71,79,29,4.0,US,1620848291
165,Kiama,-34.6833,150.8667,55.49,92,7,1.99,AU,1620848292
166,Ponta do Sol,32.6667,-17.1,61.84,84,73,3.53,PT,1620848292
167,Turiaçu,-1.6633,-45.3717,78.01,93,84,4.61,BR,1620848293
168,Saint George,37.1041,-113.5841,74.3,10,1,3.0,US,1620848071
169,Nanortalik,60.1432,-45.2371,42.82,61,63,7.11,GL,1620848293
170,Honningsvåg,70.9821,25.9704,42.28,75,0,21.85,NO,1620848294
171,Cherskiy,68.75,161.3,17.01,92,100,4.5,RU,1620848294
172,Zhangye,38.9342,100.4517,60.64,23,5,5.35,CN,1620848294
173,Kaeo,-35.1,173.7833,49.78,85,1,4.63,NZ,1620848295
174,Meulaboh,4.1363,96.1285,78.03,90,94,4.43,ID,1620848295
175,Philadelphia,39.9523,-75.1638,66.45,31,40,1.01,US,1620848197
176,Shache,38.4167,77.2406,63.1,49,99,8.12,CN,1620848296
177,Kwinana,-32.25,115.7667,55.85,64,97,1.99,AU,1620848296
178,Khatanga,71.9667,102.5,28.56,97,98,10.49,RU,1620848296
179,Alta Floresta,-9.8756,-56.0861,88.0,43,40,5.75,BR,1620848297
180,Homer,59.6425,-151.5483,44.53,79,75,3.44,US,1620848060
181,Garoowe,8.4054,48.4845,80.38,58,100,18.68,SO,1620848297
182,Pevek,69.7008,170.3133,25.02,93,100,3.2,RU,1620848298
183,Taoudenni,22.6783,-3.9836,96.85,6,0,8.95,ML,1620848298
184,Nybro,56.7446,15.9071,53.65,88,77,3.36,SE,1620848298
185,Benguela,-12.5763,13.4055,77.34,81,5,0.89,AO,1620848109
186,Tías,28.9611,-13.645,65.75,68,20,20.71,ES,1620848299
187,São Geraldo do Araguaia,-6.4006,-48.555,82.02,80,47,1.81,BR,1620848299
188,Fort Frances,48.5999,-93.4003,62.65,21,20,5.01,CA,1620848229
189,Erenhot,43.6475,111.9767,51.35,40,100,7.85,CN,1620848300
190,Oneonta,42.4529,-75.0638,51.35,48,88,1.01,US,1620848300
191,Esperance,-33.8667,121.9,53.6,60,100,11.18,AU,1620848300
192,Presidencia Roque Sáenz Peña,-26.7852,-60.4388,65.89,35,0,5.06,AR,1620848301
193,Ibrā’,22.6906,58.5334,84.0,48,84,4.52,OM,1620848301
194,Ziarat,30.3823,67.7282,58.82,21,0,7.9,PK,1620848302
195,Nelson Bay,-32.7167,152.15,57.78,95,20,10.56,AU,1620848302
196,Baldeogarh,24.755,79.0681,82.99,44,58,8.99,IN,1620848303
197,Vila Velha,-20.3297,-40.2925,80.65,58,0,4.0,BR,1620848303
198,Te Anau,-45.4167,167.7167,34.81,85,7,0.94,NZ,1620848303
199,Bilokurakyne,49.5341,38.7307,49.01,87,99,6.06,UA,1620848304
200,Sosnovka,56.255,51.2842,60.73,61,6,3.02,RU,1620848304
201,Mackay,-21.15,149.2,66.29,94,40,5.75,AU,1620848304
202,Sabzawār,36.2126,57.6819,69.85,27,11,10.45,IR,1620848305
203,Batemans Bay,-35.7167,150.1833,52.86,90,0,4.21,AU,1620848305
204,Ketchikan,55.3422,-131.6461,53.58,66,40,12.66,US,1620848118
205,Sergach,55.5308,45.4661,60.24,66,72,8.32,RU,1620848305
206,Madoc,44.5084,-77.4745,62.28,30,5,12.19,CA,1620848306
207,Codrington,-38.2667,141.9667,50.16,86,100,14.36,AU,1620848306
208,Totness,5.8833,-56.3167,81.68,73,52,10.49,SR,1620848306
209,Chaplynka,46.3651,33.5403,47.14,72,3,1.12,UA,1620848307
210,Luanda,-8.8368,13.2343,77.92,83,20,4.61,AO,1620848223
211,San Patricio,28.017,-97.5169,74.52,72,99,15.64,US,1620848307
212,Jalu,29.0331,21.5482,84.67,12,0,10.0,LY,1620848308
213,Maxixe,-23.8597,35.3472,68.47,65,0,5.46,MZ,1620848285
214,Tazovsky,67.4667,78.7,32.92,94,100,7.23,RU,1620848308
215,Makakilo City,21.3469,-158.0858,75.52,61,40,12.66,US,1620848132
216,General Roca,-39.0333,-67.5833,68.85,19,11,9.24,AR,1620848309
217,Lukovetskiy,64.2956,41.9211,58.86,65,6,1.23,RU,1620848309
218,Katsuura,35.1333,140.3,60.3,87,100,15.35,JP,1620848309
219,Flinders,-34.5833,150.8552,55.67,91,4,1.01,AU,1620848183
220,Bermeo,43.4209,-2.7215,55.36,74,99,17.2,ES,1620848310
221,Cedar City,37.6775,-113.0619,50.18,8,1,8.05,US,1620848286
222,Lalibela,12.0333,39.0333,61.9,69,31,3.36,ET,1620848310
223,Eydhafushi,5.1033,73.0708,82.96,77,100,26.33,MV,1620848311
224,Kariba,-16.5167,28.8,64.9,67,0,4.05,ZW,1620848311
225,Dalmatovo,56.26,62.9362,58.19,57,36,3.27,RU,1620848311
226,Ribeira Grande,38.5167,-28.7,66.2,82,20,11.5,PT,1620848312
227,Lucea,18.451,-78.1736,87.66,74,16,11.48,JM,1620848312
228,São Gabriel da Cachoeira,-0.1303,-67.0892,86.61,90,75,1.19,BR,1620848312
229,Denpasar,-8.65,115.2167,78.42,79,40,8.86,ID,1620848313
230,Al Bardīyah,31.7561,25.0865,68.81,65,0,3.33,LY,1620848313
231,Airai,-8.9266,125.4092,57.51,93,49,3.91,TL,1620848313
232,Magugu,-4.0167,35.7667,67.75,85,100,2.26,TZ,1620848314
233,Talnakh,69.4865,88.3972,31.26,99,100,3.74,RU,1620848228
234,Vilhena,-12.7406,-60.1458,75.49,54,40,8.05,BR,1620848314
235,Labuan,5.2767,115.2417,80.29,94,20,0.0,MY,1620848315
236,Grindavik,63.8424,-22.4338,44.06,60,75,3.65,IS,1620848315
237,Lere,10.387,8.5726,80.06,52,100,6.67,NG,1620848060
238,Moose Factory,51.2585,-80.6094,60.71,51,1,10.36,CA,1620848315
239,Narsaq,60.9167,-46.05,51.51,44,35,5.48,GL,1620848316
240,Raduzhny,62.0961,77.475,39.42,66,4,4.63,RU,1620848316
241,Dingle,10.9995,122.6711,78.06,87,10,7.78,PH,1620848317
242,Iqaluit,63.7506,-68.5145,34.45,80,90,18.99,CA,1620848317
243,Chisec,15.8167,-90.2833,95.05,43,45,4.68,GT,1620848317
244,Novoagansk,61.9449,76.6625,41.81,62,1,5.17,RU,1620848318
245,Fairbanks,64.8378,-147.7164,51.01,66,75,5.75,US,1620848133
246,Coquimbo,-29.9533,-71.3436,58.86,77,90,2.3,CL,1620848318
247,Harenkarspel,52.7342,4.7768,52.77,82,99,2.75,NL,1620848319
248,Tasiilaq,65.6145,-37.6368,31.69,87,100,4.18,GL,1620848319
249,Ilulissat,69.2167,-51.1,35.2,80,75,5.75,GL,1620848319
250,Rawson,-43.3002,-65.1023,65.88,32,70,12.5,AR,1620848320
251,Araouane,18.9048,-3.5265,96.57,9,3,11.25,ML,1620848320
252,Shulan,44.4167,126.95,47.98,76,100,8.14,CN,1620848321
253,Coyhaique,-45.5752,-72.0662,51.85,47,40,10.36,CL,1620848321
254,Rāzole,16.4833,81.8333,84.09,75,66,4.74,IN,1620848321
255,Ikungi,-5.1333,34.7667,65.26,72,100,2.82,TZ,1620848322
256,Natal,-5.795,-35.2094,80.26,89,75,11.03,BR,1620848322
257,Hamilton,39.1834,-84.5333,59.63,41,40,3.0,US,1620848253
258,Tuktoyaktuk,69.4541,-133.0374,17.6,93,90,16.11,CA,1620848322
259,Touros,-5.1989,-35.4608,78.69,90,59,15.86,BR,1620848323
260,Qandala,11.472,49.8728,87.89,60,100,2.46,SO,1620848323
261,Oxford,51.7522,-1.256,53.47,85,40,3.58,GB,1620848101
262,Palmer,42.1584,-72.3287,61.32,34,75,5.99,US,1620848324
263,Okha,53.5739,142.9478,34.66,85,0,9.93,RU,1620848324
264,Qeshm,26.9581,56.2719,85.8,77,65,8.52,IR,1620848324
265,Broome,42.2506,-75.833,54.03,45,75,5.01,US,1620848325
266,Klaksvík,62.2266,-6.589,44.31,72,100,21.32,FO,1620848325
267,San Policarpo,12.1791,125.5072,80.78,83,14,11.48,PH,1620848326
268,Manokwari,-0.8667,134.0833,79.54,80,90,2.98,ID,1620848326
269,Berlin,52.5244,13.4105,56.34,88,75,5.99,DE,1620848326
270,Naze,28.3667,129.4833,72.12,92,100,14.92,JP,1620848327
271,Ixtapa,20.7,-105.2,86.99,55,20,10.36,MX,1620848327
272,Sisimiut,66.9395,-53.6735,34.74,76,26,6.06,GL,1620848327
273,Dekernes,31.0876,31.595,64.13,76,0,4.7,EG,1620848328
274,Fare,-16.7,-151.0167,82.09,78,53,20.36,PF,1620848328
275,Souillac,-20.5167,57.5167,75.04,76,40,11.77,MU,1620848328
276,Vardø,70.3705,31.1107,39.11,93,20,5.75,NO,1620848329
277,Terrace,54.5163,-128.6035,58.23,55,75,4.61,CA,1620848329
278,Buarcos,40.166,-8.8768,60.46,77,61,7.2,PT,1620848329
279,Cruzeiro do Sul,-29.5128,-51.9853,64.33,58,0,2.64,BR,1620848330
280,Alice Springs,-23.7,133.8833,32.41,41,0,4.47,AU,1620848330
281,Yeppoon,-23.1333,150.7333,71.28,94,14,5.64,AU,1620848330
282,Mthatha,-31.5889,28.7844,53.44,96,37,3.29,ZA,1620848331
283,Guiglo,6.5456,-7.4966,78.8,75,5,3.62,CI,1620848331
284,Santa Rosa,14.3122,121.1114,83.14,79,6,9.37,PH,1620847786
285,Pishin,30.5803,66.9961,69.37,19,0,2.51,PK,1620848332
286,Portland,45.5234,-122.6762,70.45,45,75,1.01,US,1620847552
287,Guerrero Negro,27.9769,-114.0611,71.49,49,0,14.25,MX,1620848332
288,Batticaloa,7.7102,81.6924,81.07,83,100,4.81,LK,1620848333
289,Ahipara,-35.1667,173.1667,57.34,72,0,8.57,NZ,1620848333
290,Torbay,47.6666,-52.7314,47.19,56,75,17.27,CA,1620848333
291,Robertsport,6.7533,-11.3686,82.17,81,100,9.33,LR,1620848334
292,Usinsk,65.9939,57.5281,45.43,72,96,13.42,RU,1620848334
293,Ancud,-41.8697,-73.8203,49.73,89,99,4.92,CL,1620848335
294,Murovane,49.5214,22.9367,50.45,93,10,10.4,UA,1620848335
295,Escanaba,45.7453,-87.0646,56.3,28,1,12.66,US,1620848335
296,Dārāb,28.7519,54.5444,77.54,30,39,6.8,IR,1620848336
297,Wau,7.7029,27.9953,74.19,81,20,4.12,SS,1620848336
298,Barra de Tecoanapa,16.5167,-98.75,89.56,55,100,10.47,MX,1620848337
299,Hay River,60.8156,-115.7999,58.91,41,75,11.5,CA,1620848337
300,Östersund,63.1792,14.6357,40.86,100,90,5.75,SE,1620848337
301,Kavaratti,10.5669,72.642,82.38,78,100,10.25,IN,1620848338
302,Marawi,7.9986,124.2928,68.63,91,90,2.1,PH,1620848338
303,Mahébourg,-20.4081,57.7,74.93,83,40,8.05,MU,1620848338
304,Bowen,-20.0167,148.2333,66.15,89,0,5.97,AU,1620848339
305,San Miguel de Tucumán,-26.8241,-65.2226,66.36,44,20,5.99,AR,1620848100
306,Leszno,51.8403,16.5749,62.49,95,100,3.31,PL,1620848339
307,Beyneu,45.3167,55.2,71.91,32,1,20.04,KZ,1620848339
308,Avera,33.194,-82.5271,52.12,92,100,16.84,US,1620848340
309,Pemangkat,1.1667,108.9667,79.41,84,100,1.9,ID,1620848340
310,Pechenga,69.5259,31.1703,44.46,92,100,6.64,RU,1620848340
311,Aklavik,68.2191,-135.0107,21.13,86,90,10.36,CA,1620848341
312,Marsaxlokk,35.8419,14.5431,60.51,82,20,13.8,MT,1620848341
313,Khandyga,62.6667,135.6,39.49,84,100,6.31,RU,1620848341
314,Sittwe,20.15,92.9,81.66,78,5,3.83,MM,1620848342
315,Sālūr,18.5333,83.2167,82.62,78,9,1.57,IN,1620848342
316,Nālūt,30.3333,10.85,78.42,28,0,14.07,LY,1620848343
317,Shimizu,43.0061,142.8847,41.31,92,100,1.63,JP,1620848343
318,Kahului,20.8947,-156.47,73.58,71,20,13.8,US,1620848343
319,Ucluelet,48.9329,-125.5528,55.0,90,65,1.99,CA,1620848313
320,Galle,6.0367,80.217,80.6,84,100,9.19,LK,1620848292
321,Beloha,-25.1667,45.05,66.54,87,0,7.85,MG,1620848230
322,Faya,18.3851,42.4509,42.31,43,99,2.51,SA,1620848344
323,San Ramon,37.7799,-121.978,72.95,29,1,3.0,US,1620848113
324,Kapoeta,4.7717,33.5903,75.04,76,69,2.46,SS,1620848344
325,Minzhu,43.7286,127.3447,46.94,93,99,3.22,CN,1620848345
326,Labuhan,-6.8844,112.2051,76.91,86,99,7.05,ID,1620848345
327,Gazimurskiy Zavod,51.5461,118.3266,35.62,74,2,3.42,RU,1620848345
328,Palladam,10.9833,77.3,74.34,78,100,17.07,IN,1620848346
329,Florø,61.5996,5.0328,53.35,66,0,5.75,NO,1620848346
330,Cayenne,4.9333,-52.3333,76.95,89,75,3.0,GF,1620848210
331,Māngrol,21.1167,70.1167,82.62,78,93,13.18,IN,1620848347
332,Portel,-1.9356,-50.8211,79.84,92,99,3.0,BR,1620848347
333,Haines Junction,60.7522,-137.5108,39.29,42,77,8.05,CA,1620848347
334,Maïné Soroa,13.2114,12.0241,93.09,13,4,8.99,NE,1620848348
335,Scarborough,54.2797,-0.4044,50.68,80,100,1.99,GB,1620848175
336,Dali,25.7,100.1833,53.55,93,100,4.88,CN,1620848348
337,Mossendjo,-2.9506,12.7261,70.57,99,77,2.13,CG,1620848349
338,Kiryat Gat,31.61,34.7642,68.38,78,0,4.23,IL,1620848349
339,Mareeba,-17.0,145.4333,60.33,96,0,2.55,AU,1620848349
340,Arrecife,28.963,-13.5477,67.87,68,20,20.71,ES,1620848350
341,Aykhal,66.0,111.5,22.46,85,37,6.96,RU,1620848350
342,Raudeberg,61.9875,5.1352,46.09,86,100,22.82,NO,1620848351
343,Karratha,-20.7377,116.8463,76.78,42,0,5.55,AU,1620848351
344,Ludvika,60.1496,15.1878,58.86,73,66,4.54,SE,1620848351
345,Sal Rei,16.1833,-22.9167,75.13,73,20,19.57,CV,1620848352
346,Takoradze,4.8845,-1.7554,80.38,77,0,11.27,GH,1620848302
347,Tiksi,71.6872,128.8694,13.19,89,100,4.74,RU,1620848352
348,Vestmannaeyjar,63.4427,-20.2734,42.75,65,40,3.44,IS,1620848352
349,Dunedin,-45.8742,170.5036,43.81,60,58,7.0,NZ,1620848353
350,Anloga,5.7947,0.8973,82.38,78,7,12.97,GH,1620848353
351,Ōhara,35.25,140.3833,59.45,86,100,13.35,JP,1620848353
352,Quatre Cocos,-20.2078,57.7625,75.56,69,48,14.52,MU,1620848354
353,Businga,3.3333,20.8833,71.4,98,84,3.31,CD,1620848354
354,Lorengau,-2.0226,147.2712,78.87,82,86,2.71,PG,1620848354
355,Hokitika,-42.7167,170.9667,42.12,67,34,6.11,NZ,1620848355
356,Yulara,-25.2406,130.9889,42.26,76,0,6.91,AU,1620848355
357,Moree,-29.4667,149.85,42.15,93,0,5.75,AU,1620848355
358,Danielskuil,-28.1887,23.5395,59.59,30,0,5.75,ZA,1620848356
359,Fort Smith,35.3859,-94.3986,63.36,55,90,7.0,US,1620848302
360,Mogadishu,2.0371,45.3438,80.74,80,100,20.2,SO,1620848356
361,Terney,45.0503,136.6092,43.21,98,98,6.04,RU,1620848357
362,Saint-Louis,16.3333,-15.0,101.77,21,17,2.82,SN,1620848357
363,Mabaruma,8.2,-59.7833,83.05,66,92,7.36,GY,1620848357
364,Ayan,56.45,138.1667,33.57,82,13,7.83,RU,1620848358
365,Basco,20.4487,121.9702,82.22,86,1,20.02,PH,1620848358
366,Linxia Chengguanzhen,35.6003,103.2064,57.56,52,4,3.78,CN,1620848358
367,Anykščiai,55.5256,25.1026,52.11,74,1,7.27,LT,1620848359
368,Tulum,20.2167,-87.4667,91.33,57,32,8.43,MX,1620848359
369,Katangli,51.7102,143.2326,35.44,80,68,3.42,RU,1620848359
370,Ulefoss,59.2838,9.2646,48.94,90,100,3.71,NO,1620848360
371,Lavrentiya,65.5833,-171.0,32.76,97,100,2.13,RU,1620848360
372,Hofn,64.2539,-15.2082,37.38,60,20,11.5,IS,1620848360
373,Tanabe,33.7333,135.3667,65.01,82,98,15.08,JP,1620848361
374,Saint-François,46.4154,3.9054,52.05,76,0,3.44,FR,1620848361
375,Shakiso,5.75,38.9167,60.08,98,100,1.99,ET,1620848362
376,Contamana,-7.3333,-75.0167,79.56,90,93,1.81,PE,1620848362
377,Graaff-Reinet,-32.2522,24.5308,48.2,38,24,1.59,ZA,1620848362
378,Dodge City,37.7528,-100.0171,48.29,54,90,8.05,US,1620848315
379,Ouallam,14.3188,2.0866,99.55,11,47,4.38,NE,1620848363
380,Mildura,-34.2,142.15,42.15,87,78,0.0,AU,1620848363
381,Sinnamary,5.3833,-52.95,80.47,79,79,10.56,GF,1620848363
382,Ambulu,-8.345,113.6058,73.74,87,94,4.38,ID,1620848364
383,Svetlaya,46.5389,138.3297,42.08,97,99,10.09,RU,1620848364
384,Glasgow,55.8652,-4.2576,52.38,92,26,0.54,GB,1620848364
385,Manggar,-2.8833,108.2667,81.55,84,100,9.31,ID,1620848365
386,Mount Gambier,-37.8333,140.7667,47.37,93,100,12.66,AU,1620848365
387,Soto la Marina,23.7667,-98.2167,75.09,85,100,11.56,MX,1620848365
388,Jaswantnagar,26.8786,78.9028,84.61,39,100,6.53,IN,1620848366
389,Cordele,31.9635,-83.7824,69.4,83,90,0.0,US,1620848270
390,Puerto Nariño,-3.7703,-70.3831,84.96,87,36,2.13,CO,1620848366
391,Petatlán,17.5167,-101.2667,91.11,45,97,7.7,MX,1620848367
392,Poli,-3.3333,36.8,59.25,90,85,4.97,TZ,1620848367
393,Gonbad-e Kāvūs,37.25,55.1672,67.12,69,100,6.93,IR,1620848367
394,Sakakah,29.9697,40.2064,81.34,14,0,5.46,SA,1620848368
395,Lamu,-2.2717,40.902,79.66,77,100,17.11,KE,1620848368
396,Brunsbüttel,53.9,9.15,51.1,89,100,6.82,DE,1620848368
397,Mayo,38.8876,-76.5119,64.31,47,9,4.0,US,1620848345
398,Nome,64.5011,-165.4064,42.76,70,40,3.44,US,1620848303
399,Neftçala,39.3742,49.2472,60.94,81,8,4.0,AZ,1620848369
400,Westerland,54.9079,8.3033,48.96,93,90,9.22,DE,1620848369
401,Port-Gentil,-0.7193,8.7815,84.11,79,75,8.05,GA,1620848370
402,Fuerte Olimpo,-21.0415,-57.8738,62.29,81,100,5.12,PY,1620848370
403,Bayir,37.2687,28.2167,59.49,49,100,3.49,TR,1620848370
404,Yaan,7.3833,8.5667,81.64,74,57,7.61,NG,1620848371
405,Puksoozero,62.5903,40.6066,59.43,65,0,4.03,RU,1620848371
406,Imbituba,-28.24,-48.6703,64.2,68,95,10.22,BR,1620848288
407,Khasan,42.4308,130.6434,46.71,95,87,3.71,RU,1620848372
408,Henties Bay,-22.116,14.2845,67.69,46,0,7.02,NA,1620848372
409,Cairns,-16.9167,145.7667,67.91,96,0,1.14,AU,1620848372
410,Guantánamo,20.1444,-75.2092,88.66,54,14,10.74,CU,1620848373
411,Arman',59.7,150.1667,34.65,75,70,4.88,RU,1620848373
412,Caravelas,-17.7125,-39.2481,74.82,69,9,7.61,BR,1620848374
413,Richards Bay,-28.783,32.0377,71.62,80,65,8.03,ZA,1620848179
414,Roald,62.5833,6.1333,46.15,81,75,18.41,NO,1620848374
415,Khovd,48.0056,91.6419,44.26,41,17,5.12,MN,1620848374
416,Antalaha,-14.9003,50.2788,72.73,84,58,7.38,MG,1620848375
417,Sabang,5.8933,95.3214,83.41,72,61,1.83,ID,1620848375
418,Oussouye,12.485,-16.5469,80.49,71,15,9.95,SN,1620848375
419,Geraldton,-28.7667,114.6,66.2,64,99,16.13,AU,1620848376
420,Jutaí,-5.1833,-68.9,83.84,72,75,2.3,BR,1620848376
421,Kalundborg,55.6795,11.0886,53.22,93,100,11.77,DK,1620848377
422,Shepsi,44.0361,39.1489,57.79,66,0,5.41,RU,1620848377
423,Riyadh,24.6877,46.7219,93.27,9,40,5.75,SA,1620848227
424,Iracoubo,5.4802,-53.2011,80.65,78,59,10.31,GF,1620848378
425,Christchurch,-43.5333,172.6333,31.82,93,23,0.0,NZ,1620848144
426,Sangar,63.9242,127.4739,31.24,85,6,3.94,RU,1620848378
427,Upernavik,72.7868,-56.1549,31.3,91,100,9.1,GL,1620848379
428,Maués,-3.3836,-57.7186,80.58,92,98,0.94,BR,1620848163
429,Baharly,38.4362,57.4316,78.13,25,3,4.54,TM,1620848379
430,Poum,-20.2333,164.0167,77.99,81,100,22.59,NC,1620848379
431,Ruwi,23.5996,58.5507,87.31,40,57,2.68,OM,1620848380
432,Am Timan,11.0297,20.2827,91.09,35,48,7.43,TD,1620848380
433,Puerto Madryn,-42.7692,-65.0385,67.75,26,54,10.89,AR,1620848380
434,Onega,63.9061,38.1404,57.56,63,0,5.01,RU,1620848381
435,Uyar,55.81,94.3153,38.35,60,0,3.6,RU,1620848381
436,Daşoguz,41.8363,59.9666,70.59,22,0,13.69,TM,1620848381
437,Sfântu Gheorghe,45.8667,25.7833,32.59,87,60,6.73,RO,1620848382
438,Harindānga,22.0383,88.3214,76.93,71,53,3.33,IN,1620848382
439,Termoli,41.9888,14.9895,60.57,65,6,14.65,IT,1620848382
440,Kota Tinggi,1.7381,103.8999,77.16,95,82,1.97,MY,1620848171
441,Pochutla,15.7432,-96.4661,94.23,45,37,9.91,MX,1620848383
442,Inta,66.0317,60.1659,45.52,76,100,14.92,RU,1620848383
443,Alakurtti,66.9672,30.3491,43.25,94,96,3.27,RU,1620848384
444,Beringovskiy,63.05,179.3167,32.38,99,100,7.05,RU,1620848384
445,Kodinsk,58.6881,99.1844,32.83,66,6,3.02,RU,1620848120
446,Lakewood,39.7047,-105.0814,38.71,36,66,3.0,US,1620848384
447,Norman Wells,65.282,-126.8329,45.68,61,75,19.57,CA,1620848385
448,Kieta,-6.2167,155.6333,77.9,83,7,2.17,PG,1620848385
449,Gawler,-34.6,138.7333,49.98,66,99,4.43,AU,1620848385
450,Arona,28.0996,-16.681,60.19,70,20,5.99,ES,1620848386
451,La Asuncion,11.0333,-63.8628,87.35,71,100,17.36,VE,1620848386
452,Morro Bay,35.3658,-120.8499,71.83,81,29,5.01,US,1620848387
453,Mossamedes,-15.1961,12.1522,75.79,62,1,5.03,AO,1620848387
454,Qasigiannguit,68.8193,-51.1922,35.44,86,68,4.29,GL,1620848387
455,Tura,25.5198,90.2201,67.37,96,100,1.66,IN,1620848388
456,Crestview,30.7621,-86.5705,80.11,62,20,3.0,US,1620848388
457,Nouakchott,18.0858,-15.9785,80.51,50,70,7.31,MR,1620848388
458,Atar,20.5169,-13.0499,94.51,10,3,10.67,MR,1620848389
459,Flin Flon,54.7682,-101.865,60.75,31,40,4.74,CA,1620848389
460,Shyryayeve,47.3805,30.1964,48.42,75,71,2.68,UA,1620848389
461,Del Rio,29.3627,-100.8968,64.81,60,90,6.91,US,1620848110
462,Lüderitz,-26.6481,15.1594,69.96,44,0,7.94,NA,1620848390
463,Pinar del Río,22.4175,-83.6981,92.86,43,79,5.77,CU,1620848390
464,Sungai Raya,0.7,108.9,78.53,89,100,1.72,ID,1620848391
465,Mastic Beach,40.7668,-72.8521,64.99,37,1,7.0,US,1620848391
466,Lingao,19.9103,109.6859,80.01,76,4,9.66,CN,1620848391
467,Aquitania,5.5197,-72.8875,52.92,87,90,4.68,CO,1620848392
468,Praia da Vitória,38.7333,-27.0667,67.64,77,40,5.41,PT,1620848392
469,Kaya,13.0917,-1.0844,99.36,18,53,4.61,BF,1620848392
470,Fairlie,55.756,-4.8556,54.91,85,5,1.12,GB,1620848393
471,Bilibino,68.0546,166.4372,25.52,86,99,1.99,RU,1620848393
472,Synya,65.3718,58.0387,45.34,84,97,7.27,RU,1620848393
473,Malumfashi,11.7853,7.6218,87.62,27,62,9.62,NG,1620848394
474,Mugango,-1.6833,33.7,64.63,91,100,2.08,TZ,1620848394
475,Tymovskoye,50.8456,142.655,36.16,82,100,5.35,RU,1620848394
476,Bandar-e Lengeh,26.5579,54.8807,87.91,46,0,8.08,IR,1620848395
477,Rundu,-17.9333,19.7667,59.23,35,0,4.65,NA,1620848395
478,Yidu,24.1614,115.1328,75.13,85,69,3.15,CN,1620848396
479,Bakaly,55.1789,53.8028,60.89,58,2,3.71,RU,1620848396
480,Arrondissement de Lons-le-Saunier,46.75,5.75,40.28,87,100,2.13,FR,1620848396
481,Jaisalmer,26.9147,70.9181,87.08,48,0,22.03,IN,1620848397
482,Olinda,-8.0089,-34.8553,78.4,85,40,10.67,BR,1620848397
483,Samarai,-10.6167,150.6667,81.37,79,42,9.4,PG,1620848397
484,Suez,29.9737,32.5263,69.55,69,0,13.27,EG,1620848398
485,Acaraú,-2.8856,-40.12,80.91,79,27,9.93,BR,1620848398
486,Lashio,22.9333,97.75,64.63,96,78,1.1,MM,1620848399
487,Katobu,-4.9408,122.5276,75.4,94,100,4.68,ID,1620848399
488,Lewistown,40.5992,-77.5714,61.48,1,20,11.5,US,1620848309
489,Cuiluan,47.72,128.648,47.52,77,93,10.92,CN,1620848399
490,Villefranche-sur-Saône,45.9833,4.7167,56.71,87,38,1.79,FR,1620848400
491,Severo-Yeniseyskiy,60.3725,93.0408,34.18,82,23,4.56,RU,1620848400
492,Miles City,46.4083,-105.8406,48.78,62,20,5.75,US,1620848401
493,San Jose,37.3394,-121.895,72.14,53,1,6.91,US,1620848401
494,Griffith,41.5284,-87.4237,55.58,34,1,1.99,US,1620848401
495,Kuandian,40.7286,124.7847,48.83,95,75,2.91,CN,1620848402
496,Ca Mau,9.1769,105.15,80.31,77,60,2.91,VN,1620848404
497,San Fernando del Valle de Catamarca,-28.4696,-65.7852,65.86,57,3,4.0,AR,1620848350
498,Traralgon,-38.1833,146.5333,42.57,97,91,1.81,AU,1620848405
499,Oga,46.4631,10.347,30.88,97,100,5.35,IT,1620848405
500,Kununurra,-15.7667,128.7333,63.9,68,0,1.14,AU,1620848405
501,Provideniya,64.3833,-173.3,37.35,81,90,6.71,RU,1620848406
502,Ōmachi,36.5,137.8667,45.61,89,100,2.17,JP,1620848406
503,Chardara,41.2547,67.9692,66.69,36,0,17.96,KZ,1620848407
504,Kysyl-Syr,63.8986,122.7617,30.6,81,5,4.25,RU,1620848407
505,Tres Arroyos,-38.3739,-60.2798,62.96,48,57,15.12,AR,1620848407
506,Opopeo,19.4,-101.6,43.14,50,99,4.25,MX,1620848408
507,Wanning,18.8003,110.3967,80.29,89,12,10.07,CN,1620848408
508,Jaffna,9.6685,80.0074,84.97,77,100,19.44,LK,1620848160
509,Dunda,-8.1167,34.25,60.62,78,12,3.2,TZ,1620848409
510,Newport,51.5877,-2.9984,47.77,91,100,3.44,GB,1620848409
511,Viedma,-40.8135,-62.9967,68.79,22,26,8.3,AR,1620848409
512,Ayr,55.4627,-4.6339,55.26,62,20,5.75,GB,1620848410
513,Sorong,-0.8833,131.25,80.1,84,51,4.29,ID,1620848410
514,Kailua,21.4022,-157.7394,75.38,69,75,6.91,US,1620848267
515,Slatina,44.4333,24.3667,58.03,70,100,4.83,RO,1620848411
516,Saint-Pierre,-21.3393,55.4781,72.84,83,0,6.91,RE,1620848411
517,Husavik,66.0449,-17.3389,44.51,65,24,4.32,IS,1620848411
518,Bandarbeyla,9.4942,50.8122,85.82,59,100,18.61,SO,1620848412
519,Corinth,37.9407,22.9573,68.02,62,0,7.58,GR,1620848412
520,Nipāni,16.4,74.3833,76.3,82,96,8.03,IN,1620848412
521,Meadow Lake,34.8014,-106.5436,48.24,32,0,7.81,US,1620848413
522,Longyearbyen,78.2186,15.6401,22.51,63,20,3.44,SJ,1620848380
523,Georgiyevka,43.0369,74.7114,44.51,66,20,6.08,KZ,1620848413
524,Haifa,32.8156,34.9892,65.08,78,0,6.06,IL,1620848413
525,Goderich,43.7501,-81.7165,44.19,76,38,11.5,CA,1620848329
526,Novobirilyussy,56.9514,90.6661,42.28,62,0,4.85,RU,1620848414
527,Pimentel,-6.8367,-79.9342,69.96,79,0,4.0,PE,1620848414
528,Mirny,62.5353,113.9611,31.41,70,0,3.91,RU,1620848415
529,Chudniv,50.052,28.1175,44.24,85,100,5.99,UA,1620848415
530,Santiago del Estero,-27.7951,-64.2615,68.68,47,0,9.62,AR,1620848134
531,Teknāf,20.8624,92.3058,78.08,86,9,2.68,BD,1620848415
532,Celestún,20.8667,-90.4,89.78,58,83,12.53,MX,1620848416
533,Nigel,-26.4314,28.4771,37.78,32,0,4.85,ZA,1620848416
534,Bāfq,31.6128,55.4107,78.06,33,99,3.89,IR,1620848416
535,Qaqortoq,60.7167,-46.0333,51.8,47,15,7.83,GL,1620848417
536,Quryq,43.2,51.65,63.81,54,3,4.85,KZ,1620848417
537,Trujillo,-8.116,-79.03,67.62,83,40,5.75,PE,1620848351
538,Trairi,-3.2778,-39.2689,80.6,82,11,6.71,BR,1620848374
539,Salme,28.0369,85.0942,40.08,82,100,3.31,NP,1620848418
540,Wellington,-41.2866,174.7756,44.94,77,75,5.75,NZ,1620848383
541,Tolaga Bay,-38.3667,178.3,51.64,82,100,14.7,NZ,1620848418
542,Okhotsk,59.3833,143.3,33.15,66,100,2.21,RU,1620848419
543,Marsh Harbour,26.5412,-77.0636,80.67,73,44,6.24,BS,1620848128
544,Jumla,29.2747,82.1838,50.72,90,100,0.89,NP,1620848419
